sequence,row,col
GAATCTGA,45,45
CAAGACTA,46,46
GAGCTGAA,47,47
GATAGACA,48,48
GCCACATA,49,49
CCAGTTCA,35,35
CCGAAGTA,36,36
CCGTGAGA,37,37
CCTCCTGA,38,38
CGAACTTA,39,39
AGCAGGAA,25,25
AGTCACTA,26,26
ATCCTGTA,27,27
ATTGAGGA,28,28
CAACCACA,29,29
AAGACGGA,15,15
AAGGTACA,16,16
ACACAGAA,17,17
ACAGCAGA,18,18
ACCTCCAA,19,19
ACATTGGC,5,5
CAGATCTG,6,6
CATCAAGT,7,7
CGCTGATC,8,8
ACAAGCTA,9,9
CGACTGGA,40,40
CGCATACA,41,41
CTCAATGA,42,42
CTGAGCCA,43,43
CTGGCATA,44,44
GACTAGTA,30,30
CAATGGAA,31,31
CACTTCGA,32,32
CAGCGTTA,33,33
CATACCAA,34,34
ACGCTCGA,20,20
ACGTATCA,21,21
ACTATGCA,22,22
AGAGTCAA,23,23
AGATCGCA,24,24
CTGTAGCC,10,10
AGTACAAG,11,11
AACAACCA,12,12
AACCGAGA,13,13
AACGCTTA,14,14
AACGTGAT,0,0
GCGAGTAA,1,1
ATGCCTAA,2,2
GCTAACGA,3,3
ACCACTGT,4,4
