sequence,row,col
CCTCTATC,87,87
AGCCATGC,77,77
CTGAGCCA,43,43
CAGCGTTA,33,33
CAAGGAGC,82,82
AATGTTGC,72,72
CCTCCTGA,38,38
ATTGAGGA,28,28
GACAGTGC,92,92
CACCTTAC,83,83
ACACGACC,73,73
CGAACTTA,39,39
CAACCACA,29,29
CGACACAC,88,88
AGGCTAAC,78,78
CTGGCATA,44,44
CATACCAA,34,34
AGATCGCA,24,24
GAGTTAGC,93,93
CCATCCTC,84,84
ACAGATTC,74,74
CGACTGGA,40,40
GACTAGTA,30,30
CGGATTGC,89,89
ATAGCGAC,79,79
GAATCTGA,45,45
CCAGTTCA,35,35
AGCAGGAA,25,25
GATGAATC,94,94
CCGACAAC,85,85
AGATGTAC,75,75
CGCATACA,41,41
CAATGGAA,31,31
CTAAGGTC,90,90
ATCATTCC,80,80
CAAGACTA,46,46
CCGAAGTA,36,36
AGTCACTA,26,26
GCCAAGAC,95,95
CCTAATCC,86,86
AGCACCTC,76,76
CTCAATGA,42,42
CACTTCGA,32,32
GAACAGGC,91,91
ATTGGCTC,81,81
GAGCTGAA,47,47
CCGTGAGA,37,37
ATCCTGTA,27,27
AACTCACC,68,68
GTGTTCTA,58,58
GATAGACA,48,48
AACGCTTA,14,14
ACCACTGT,4,4
TGAAGAGA,63,63
GGAGAACA,53,53
ACCTCCAA,19,19
ACAAGCTA,9,9
AACGTGAT,0,0
AAGAGATC,69,69
TAGGATGA,59,59
GCCACATA,49,49
AAGACGGA,15,15
ACATTGGC,5,5
TGGAACAA,64,64
GGTGCGAA,54,54
ACGCTCGA,20,20
CTGTAGCC,10,10
GCGAGTAA,1,50
AAGGACAC,70,70
TATCAGCA,60,60
AAGGTACA,16,16
CAGATCTG,6,6
TGGCTTCA,65,65
GTACGCAA,55,55
ACGTATCA,21,21
AGTACAAG,11,11
ATGCCTAA,2,2
AATCCGTC,71,71
TCCGTCTA,61,61
ACACAGAA,17,17
CATCAAGT,7,7
TGGTGGTA,66,66
GTCGTAGA,56,56
ACTATGCA,22,22
AACAACCA,12,12
GCTAACGA,3,51
TTCACGCA,67,67
GTCTGTCA,57,57
AGAGTCAA,23,23
AACCGAGA,13,13
TCTTCACA,62,62
GCTCGGTA,52,52
ACAGCAGA,18,18
CGCTGATC,8,8
